visualization,25,
practice,25,
aliases,41,
separate,25,
considered,34,
maintain,25,
allowed,25,
available,46,
solved,25,
repository,30,
entire,25,
branch,52,
attempt,41,
spotted,26,
features,44,
compatible,43,
solution,25,
record,29,
merge,21,
should,25,
above,25,
majority,25,
designate,22,
which,25,
aggrement,25,
image,25,
egregious,33,
issue,33,
compress,25,
might,25,
overhead,25,
pace,35,
fairly,23,
want,25,
ancestor,25,
biased,32,
sequentially,26,
them,23,
enthusiast,21,
maintaining,23,
backwards,37,
most,25,
detached,23,
sequence,25,
as,43,
even,48,
were,25,
spot,34,
bunch,25,
dog,56,
snapshot,36,
allow,25,
submit,42,
records,26,
examine,25,
update,47,
industry,46,
effort,34,
eventually,25,
default,40,
feature,50,
along,48,
accommodate,46,
terminology,33,
cat,52,
alias,37,
divide,25,
introduction,37,
notice,25,
include,25,
though,25,
accordance,24,
initial,22,
advantage,23,
display,38,
consistent,25,
instead,38,
straight,52,
mouth,50,
estuary,48,
exciting,50,
neither,25,
ramping up,25,
parellel,25,
around,25,
amplify,25,
amplify,25,
recent,25,
reflected,25,
