parellel,26,
visualization,34,
practice,27,
aliases,42,
separate,28,
considered,36,
maintain,24,
allowed,28,
available,50,
solved,30,
reflected,28,
repository,30,
entire,30,
branch,56,
attempt,46,
ramping up,30,
spotted,29,
features,45,
compatible,45,
solution,30,
record,31,
merge,26,
should,33,
above,33,
majority,32,
recent,28,
designate,17,
which,29,
aggrement,26,
image,30,
egregious,31,
issue,38,
compress,29,
might,29,
overhead,29,
pace,37,
fairly,34,
want,29,
ancestor,31,
biased,30,
sequentially,28,
them,27,
enthusiast,27,
maintaining,28,
backwards,40,
most,33,
detached,31,
sequence,29,
as,44,
even,53,
were,28,
spot,36,
bunch,29,
dog,57,
snapshot,41,
allow,32,
submit,46,
records,22,
examine,20,
update,48,
industry,48,
effort,36,
eventually,29,
around,22,
amplify,29,
default,44,
feature,55,
along,48,
accommodate,54,
terminology,42,
cat,56,
alias,40,
divide,27,
introduction,39,
notice,33,
include,28,
though,26,
accordance,27,
initial,26,
advantage,27,
display,43,
consistent,26,
instead,40,
straight,55,
mouth,50,
estuary,50,
exciting,52,
neither,26,
