parellel,24,
visualization,25,
practice,23,
aliases,42,
separate,25,
considered,36,
maintain,23,
allowed,23,
available,48,
solved,26,
reflected,23,
repository,28,
entire,23,
branch,54,
attempt,44,
ramping up,19,
spotted,27,
features,45,
compatible,43,
solution,23,
record,31,
merge,23,
should,23,
above,21,
majority,24,
recent,23,
designate,20,
which,27,
aggrement,25,
image,26,
egregious,31,
issue,36,
compress,25,
might,23,
overhead,25,
pace,37,
fairly,19,
want,27,
ancestor,25,
biased,32,
sequentially,18,
them,19,
enthusiast,15,
maintaining,21,
backwards,36,
most,27,
detached,9,
sequence,17,
as,44,
even,49,
were,21,
spot,36,
bunch,25,
dog,57,
snapshot,39,
allow,23,
submit,44,
records,26,
examine,23,
update,48,
industry,48,
effort,36,
eventually,11,
around,17,
amplify,23,
default,40,
feature,51,
along,48,
accommodate,50,
terminology,38,
cat,54,
alias,38,
divide,21,
introduction,37,
notice,17,
include,21,
though,23,
accordance,27,
initial,21,
advantage,19,
display,41,
consistent,19,
instead,40,
straight,53,
mouth,50,
estuary,50,
exciting,50,
neither,21,
